<?xml version="1.0" encoding="UTF-8"?>
<!DOCTYPE suite SYSTEM "https://testng.org/testng-1.0.dtd">
<suite name="Suite" thread-count="5" parallel="tests">
  <test name="ChromeTest">
    <parameter name="browser" value="chrome" />
    <classes>
      <class name="com.FlipKartDemo"/>
    </classes>
  </test> <!-- Test -->
  <test  name="FireFoxTest">
    <parameter name="browser" value="firefox"/>
    <classes>
      <class name="com.FlipKartDemo"/>
    </classes>
  </test>
</suite> <!-- Suite -->
